Facility,N,Overall Missing Percent
3466,1,0.723404255319149
3052,1,0.723404255319149
290,1,0.723404255319149
271,1,0.723404255319149
317,1,0.723404255319149
945,1,0.723404255319149
3040,1,0.723404255319149
1103,1,0.723404255319149
3041,1,0.723404255319149
3042,1,0.723404255319149
782,1,0.723404255319149
3043,1,0.723404255319149
3044,1,0.723404255319149
3045,1,0.723404255319149
4293,1,0.723404255319149
3057,1,0.723404255319149
720,1,0.723404255319149
3062,1,0.723404255319149
737,1,0.723404255319149
534,1,0.6595744680851063
5347,1,0.6595744680851063
3060,1,0.6595744680851063
952,1,0.6595744680851063
3038,1,0.6595744680851063
633,1,0.6595744680851063
3036,1,0.6595744680851063
3037,1,0.6595744680851063
4020,1,0.6595744680851063
3034,1,0.6595744680851063
248,1,0.6595744680851063
262,1,0.6595744680851063
1017,1,0.6595744680851063
632,1,0.6595744680851063
5316,1,0.6595744680851063
140,1,0.6595744680851063
3056,1,0.6595744680851063
372,1,0.6595744680851063
866,1,0.6595744680851063
209,1,0.6595744680851063
821,1,0.6595744680851063
3054,1,0.6595744680851063
5560,1,0.6595744680851063
3053,1,0.6595744680851063
122,1,0.6595744680851063
5304,1,0.6595744680851063
3046,1,0.6595744680851063
3049,1,0.6595744680851063
3050,1,0.6595744680851063
3051,1,0.6595744680851063
5332,1,0.6595744680851063
281,1,0.6595744680851063
438,1,0.6595744680851063
2279,1,0.6595744680851063
436,1,0.6595744680851063
309,1,0.6595744680851063
418,1,0.6595744680851063
419,1,0.6595744680851063
2284,1,0.6595744680851063
435,1,0.6595744680851063
2199,1,0.6595744680851063
1032,2,0.6276595744680851
20265,1,0.5957446808510638
20264,1,0.5957446808510638
20303,1,0.5957446808510638
20290,1,0.5957446808510638
422,1,0.5957446808510638
1028,1,0.5957446808510638
20227,1,0.5957446808510638
20305,1,0.5957446808510638
20225,1,0.5957446808510638
1045,1,0.5957446808510638
54,1,0.5957446808510638
1006,1,0.5957446808510638
4,1,0.5957446808510638
20333,1,0.5957446808510638
3058,1,0.5957446808510638
1043,1,0.5957446808510638
20318,1,0.5957446808510638
415,1,0.5957446808510638
150,2,0.5638297872340425
23,2,0.5638297872340425
622,2,0.5638297872340425
148,2,0.5319148936170213
5167,2,0.5319148936170213
399,2,0.5319148936170213
20302,1,0.5319148936170213
149,2,0.5319148936170213
302,2,0.5319148936170213
1995,1,0.5319148936170213
12,2,0.5
260,2,0.5
389,2,0.5
1609,5,0.4808510638297872
5341,1,0.46808510638297873
143,1,0.46808510638297873
5289,1,0.46808510638297873
177,1,0.46808510638297873
64,1,0.46808510638297873
279,1,0.46808510638297873
10,2,0.46808510638297873
497,1,0.46808510638297873
526,1,0.46808510638297873
312,1,0.46808510638297873
398,1,0.46808510638297873
1887,1,0.46808510638297873
1847,2,0.46808510638297873
322,1,0.46808510638297873
1106,2,0.46808510638297873
409,2,0.46808510638297873
1782,2,0.46808510638297873
611,1,0.46808510638297873
1644,3,0.4680851063829785
356,3,0.4468085106382978
1639,5,0.4425531914893615
424,2,0.43617021276595747
584,2,0.43617021276595747
384,2,0.43617021276595747
373,2,0.43617021276595747
13,2,0.43617021276595747
1606,4,0.43617021276595747
19,2,0.43617021276595747
156,2,0.43617021276595747
66,3,0.4255319148936171
1525,3,0.4255319148936168
1629,4,0.42021276595744683
272,4,0.42021276595744683
1670,4,0.4148936170212766
29,3,0.40425531914893625
53,3,0.40425531914893625
63,3,0.40425531914893625
473,1,0.40425531914893614
2,1,0.40425531914893614
1809,2,0.40425531914893614
478,1,0.40425531914893614
1095,1,0.40425531914893614
1090,1,0.40425531914893614
1874,1,0.40425531914893614
1919,1,0.40425531914893614
2331,1,0.40425531914893614
1929,1,0.40425531914893614
4298,1,0.40425531914893614
2037,1,0.40425531914893614
2438,1,0.40425531914893614
467,1,0.40425531914893614
718,1,0.40425531914893614
5103,1,0.40425531914893614
1646,2,0.40425531914893614
4332,1,0.40425531914893614
5132,1,0.40425531914893614
5131,1,0.40425531914893614
5130,1,0.40425531914893614
5128,1,0.40425531914893614
1564,4,0.40425531914893614
5127,1,0.40425531914893614
5125,1,0.40425531914893614
5124,1,0.40425531914893614
5123,1,0.40425531914893614
5121,1,0.40425531914893614
5119,1,0.40425531914893614
5118,1,0.40425531914893614
1614,2,0.40425531914893614
401,2,0.40425531914893614
5108,1,0.40425531914893614
5107,1,0.40425531914893614
480,1,0.40425531914893614
479,1,0.40425531914893614
487,1,0.40425531914893614
482,1,0.40425531914893614
648,1,0.40425531914893614
3700,1,0.40425531914893614
3693,1,0.40425531914893614
3634,1,0.40425531914893614
828,1,0.40425531914893614
816,1,0.40425531914893614
773,1,0.40425531914893614
3061,1,0.40425531914893614
644,1,0.40425531914893614
651,1,0.40425531914893614
3764,1,0.40425531914893614
654,1,0.40425531914893614
663,1,0.40425531914893614
669,1,0.40425531914893614
3470,1,0.40425531914893614
696,1,0.40425531914893614
706,1,0.40425531914893614
3468,1,0.40425531914893614
719,1,0.40425531914893614
890,1,0.40425531914893614
919,1,0.40425531914893614
717,1,0.40425531914893614
4243,1,0.40425531914893614
488,1,0.40425531914893614
2461,1,0.40425531914893614
2484,1,0.40425531914893614
490,1,0.40425531914893614
4265,1,0.40425531914893614
2546,1,0.40425531914893614
4264,1,0.40425531914893614
4251,1,0.40425531914893614
4200,1,0.40425531914893614
4106,1,0.40425531914893614
4193,1,0.40425531914893614
971,1,0.40425531914893614
970,1,0.40425531914893614
4174,1,0.40425531914893614
969,1,0.40425531914893614
524,1,0.40425531914893614
966,1,0.40425531914893614
959,1,0.40425531914893614
1,1,0.40425531914893614
4253,1,0.40425531914893614
319,1,0.40425531914893614
31,4,0.40425531914893614
73,1,0.40425531914893614
5269,1,0.40425531914893614
154,1,0.40425531914893614
34,1,0.40425531914893614
152,1,0.40425531914893614
5230,1,0.40425531914893614
5229,1,0.40425531914893614
5357,1,0.40425531914893614
11931,1,0.40425531914893614
11,1,0.40425531914893614
5194,1,0.40425531914893614
151,1,0.40425531914893614
11944,1,0.40425531914893614
5195,1,0.40425531914893614
5197,1,0.40425531914893614
16,1,0.40425531914893614
78,1,0.40425531914893614
141,1,0.40425531914893614
314,1,0.40425531914893614
306,1,0.40425531914893614
11947,1,0.40425531914893614
301,1,0.40425531914893614
265,1,0.40425531914893614
92,1,0.40425531914893614
298,1,0.40425531914893614
296,1,0.40425531914893614
125,1,0.40425531914893614
100,1,0.40425531914893614
119,1,0.40425531914893614
5246,1,0.40425531914893614
268,1,0.40425531914893614
69,1,0.40425531914893614
5248,2,0.40425531914893614
5702,1,0.40425531914893614
52,1,0.40425531914893614
55,2,0.40425531914893614
216,1,0.40425531914893614
59,1,0.40425531914893614
5710,1,0.40425531914893614
5392,1,0.40425531914893614
5714,1,0.40425531914893614
168,1,0.40425531914893614
5242,1,0.40425531914893614
5716,1,0.40425531914893614
5718,1,0.40425531914893614
5,1,0.40425531914893614
167,1,0.40425531914893614
5706,1,0.40425531914893614
5297,1,0.40425531914893614
5379,1,0.40425531914893614
5247,2,0.40425531914893614
5235,1,0.40425531914893614
67,1,0.40425531914893614
5171,1,0.40425531914893614
5162,1,0.40425531914893614
5165,1,0.40425531914893614
6,1,0.40425531914893614
5382,1,0.40425531914893614
1630,7,0.40425531914893603
1591,7,0.40425531914893603
377,3,0.4042553191489359
1610,3,0.4042553191489359
1669,3,0.4042553191489359
1632,3,0.4042553191489359
1659,3,0.4042553191489359
1662,3,0.4042553191489359
1133,97,0.39504277253783704
1561,6,0.39361702127659554
1663,5,0.3914893617021275
1120,94,0.38999547306473514
1131,85,0.3899874843554441
1655,4,0.3882978723404255
1633,4,0.3882978723404255
1132,82,0.38635184224182656
1567,7,0.38601823708206673
50,3,0.3829787234042554
1604,6,0.3829787234042554
1601,6,0.3829787234042553
1636,3,0.38297872340425515
24,5,0.3787234042553191
1119,98,0.3768996960486322
1602,6,0.37588652482269497
1147,80,0.37579787234042566
1153,84,0.3753799392097263
1127,101,0.37518432694333265
1714,5,0.3744680851063829
1136,92,0.3734967622571693
1118,93,0.3733699382292383
1126,93,0.3733699382292382
1107,4,0.3723404255319149
5244,2,0.3723404255319149
5231,2,0.3723404255319149
5221,2,0.3723404255319149
621,2,0.3723404255319149
27,6,0.3723404255319149
347,4,0.3723404255319149
1732,4,0.3723404255319149
1116,88,0.3713733075435204
1124,91,0.3663783025485152
1141,87,0.36610418195157735
1531,5,0.36595744680851056
1611,5,0.36595744680851056
1656,5,0.36595744680851056
1584,5,0.36595744680851056
1660,5,0.36595744680851044
1140,84,0.3657548125633232
1155,80,0.365159574468085
1540,8,0.36436170212765956
1134,86,0.3639287481444829
1130,102,0.36337088026700043
1152,76,0.36226203807390817
1638,6,0.3617021276595746
1570,6,0.36170212765957455
1146,80,0.3617021276595745
45,3,0.3617021276595745
1696,3,0.3617021276595745
1603,6,0.3617021276595743
1594,9,0.3617021276595743
1137,91,0.36076689268178624
1123,105,0.3600810536980749
1144,96,0.35882092198581556
1142,88,0.3578336557059961
1628,4,0.35638297872340424
1635,4,0.35638297872340424
1597,4,0.35638297872340424
25,4,0.35638297872340424
1648,4,0.35638297872340424
1653,4,0.35638297872340424
1538,4,0.35638297872340424
1524,4,0.35638297872340424
48,4,0.35638297872340424
1599,4,0.35638297872340424
1117,92,0.35522664199815
1301,53,0.35487755921316727
1587,9,0.35460992907801414
1456,9,0.35460992907801414
1148,86,0.35452746165264715
1151,87,0.3543653705062363
1589,8,0.3537234042553192
32,5,0.35319148936170214
1665,5,0.3531914893617021
1582,5,0.3531914893617021
1605,5,0.3531914893617021
1559,5,0.353191489361702
1138,90,0.3527186761229314
1169,97,0.3522702347005921
1498,11,0.3520309477756288
1149,77,0.3520309477756286
1129,99,0.3520309477756286
1165,93,0.35163578128574696
1394,23,0.35152636447733576
1405,18,0.3498817966903074
1396,15,0.3489361702127659
1407,23,0.34875115633672515
1122,83,0.3486285567803128
1143,87,0.34849596478356576
1135,90,0.3482269503546099
1121,93,0.34774651109585913
1438,18,0.3475177304964539
1145,84,0.3457446808510639
1468,12,0.34574468085106386
1413,14,0.3449848024316109
1162,97,0.3423996490458433
1382,25,0.3421276595744681
1160,114,0.34154535274356107
1156,73,0.3412999125619352
1800,1,0.3404255319148936
1758,1,0.3404255319148936
1566,8,0.3404255319148936
1774,2,0.3404255319148936
1918,1,0.3404255319148936
1550,8,0.3404255319148936
1772,4,0.3404255319148936
1936,1,0.3404255319148936
1944,1,0.3404255319148936
1432,12,0.3404255319148936
11952,1,0.3404255319148936
2001,2,0.3404255319148936
2033,1,0.3404255319148936
1755,1,0.3404255319148936
1409,23,0.3404255319148936
2060,1,0.3404255319148936
1664,4,0.3404255319148936
1753,3,0.3404255319148936
1683,3,0.3404255319148936
1914,1,0.3404255319148936
1578,7,0.3404255319148936
1875,1,0.3404255319148936
1846,1,0.3404255319148936
11949,1,0.3404255319148936
20221,1,0.3404255319148936
1823,2,0.3404255319148936
1637,4,0.3404255319148936
1824,2,0.3404255319148936
1832,2,0.3404255319148936
1651,4,0.3404255319148936
1634,4,0.3404255319148936
1616,4,0.3404255319148936
11971,1,0.3404255319148936
1613,2,0.3404255319148936
100405,1,0.3404255319148936
1860,1,0.3404255319148936
1798,2,0.3404255319148936
1783,1,0.3404255319148936
1864,1,0.3404255319148936
1866,1,0.3404255319148936
11930,1,0.3404255319148936
1834,1,0.3404255319148936
5157,1,0.3404255319148936
2112,1,0.3404255319148936
4309,1,0.3404255319148936
5206,1,0.3404255319148936
4268,1,0.3404255319148936
5205,1,0.3404255319148936
5204,1,0.3404255319148936
4282,1,0.3404255319148936
5203,1,0.3404255319148936
5202,1,0.3404255319148936
5201,1,0.3404255319148936
5211,2,0.3404255319148936
4310,1,0.3404255319148936
5200,1,0.3404255319148936
4312,1,0.3404255319148936
5198,1,0.3404255319148936
4317,1,0.3404255319148936
4329,1,0.3404255319148936
5189,1,0.3404255319148936
5209,1,0.3404255319148936
4267,1,0.3404255319148936
5420,1,0.3404255319148936
4207,1,0.3404255319148936
4127,1,0.3404255319148936
5232,1,0.3404255319148936
4147,1,0.3404255319148936
4171,1,0.3404255319148936
4183,1,0.3404255319148936
4186,1,0.3404255319148936
5228,1,0.3404255319148936
4211,1,0.3404255319148936
5212,1,0.3404255319148936
4213,1,0.3404255319148936
4214,1,0.3404255319148936
4218,1,0.3404255319148936
4222,1,0.3404255319148936
5227,1,0.3404255319148936
4255,1,0.3404255319148936
5220,1,0.3404255319148936
4348,1,0.3404255319148936
5102,1,0.3404255319148936
5186,1,0.3404255319148936
5159,1,0.3404255319148936
5161,1,0.3404255319148936
5160,1,0.3404255319148936
5133,1,0.3404255319148936
5134,2,0.3404255319148936
5136,1,0.3404255319148936
5138,1,0.3404255319148936
5140,1,0.3404255319148936
5158,1,0.3404255319148936
5185,1,0.3404255319148936
5141,1,0.3404255319148936
5144,1,0.3404255319148936
5145,1,0.3404255319148936
5147,1,0.3404255319148936
5148,1,0.3404255319148936
5150,1,0.3404255319148936
5155,1,0.3404255319148936
5163,1,0.3404255319148936
5164,1,0.3404255319148936
5166,1,0.3404255319148936
5168,1,0.3404255319148936
5106,1,0.3404255319148936
5184,1,0.3404255319148936
5183,1,0.3404255319148936
5112,1,0.3404255319148936
5181,1,0.3404255319148936
5113,1,0.3404255319148936
5180,1,0.3404255319148936
5179,1,0.3404255319148936
5114,1,0.3404255319148936
5115,1,0.3404255319148936
5116,1,0.3404255319148936
5117,1,0.3404255319148936
5178,1,0.3404255319148936
5176,1,0.3404255319148936
5175,1,0.3404255319148936
5233,1,0.3404255319148936
4097,1,0.3404255319148936
5236,1,0.3404255319148936
5336,1,0.3404255319148936
5348,1,0.3404255319148936
5345,1,0.3404255319148936
5344,1,0.3404255319148936
5343,1,0.3404255319148936
5342,1,0.3404255319148936
5340,1,0.3404255319148936
5337,1,0.3404255319148936
5334,1,0.3404255319148936
5298,1,0.3404255319148936
5331,1,0.3404255319148936
5329,1,0.3404255319148936
5327,1,0.3404255319148936
5325,1,0.3404255319148936
5322,1,0.3404255319148936
5321,1,0.3404255319148936
5319,1,0.3404255319148936
5349,1,0.3404255319148936
5351,1,0.3404255319148936
5353,1,0.3404255319148936
5156,1,0.3404255319148936
5394,1,0.3404255319148936
2390,1,0.3404255319148936
2391,1,0.3404255319148936
2399,1,0.3404255319148936
2401,1,0.3404255319148936
2402,1,0.3404255319148936
2410,1,0.3404255319148936
2419,1,0.3404255319148936
5391,1,0.3404255319148936
2471,1,0.3404255319148936
2568,1,0.3404255319148936
2597,1,0.3404255319148936
5376,1,0.3404255319148936
5372,1,0.3404255319148936
2647,1,0.3404255319148936
5300,1,0.3404255319148936
5286,1,0.3404255319148936
3706,1,0.3404255319148936
5240,2,0.3404255319148936
3498,1,0.3404255319148936
3510,1,0.3404255319148936
3526,1,0.3404255319148936
3555,1,0.3404255319148936
3577,1,0.3404255319148936
3578,1,0.3404255319148936
3600,1,0.3404255319148936
3629,1,0.3404255319148936
3351,1,0.3404255319148936
3668,1,0.3404255319148936
3687,1,0.3404255319148936
5239,1,0.3404255319148936
3697,1,0.3404255319148936
3699,1,0.3404255319148936
5238,2,0.3404255319148936
5237,1,0.3404255319148936
3492,1,0.3404255319148936
3483,1,0.3404255319148936
5243,1,0.3404255319148936
3482,1,0.3404255319148936
5278,1,0.3404255319148936
5272,1,0.3404255319148936
5271,1,0.3404255319148936
3448,1,0.3404255319148936
5267,1,0.3404255319148936
5264,1,0.3404255319148936
5263,1,0.3404255319148936
5261,1,0.3404255319148936
5258,1,0.3404255319148936
3471,1,0.3404255319148936
5253,1,0.3404255319148936
5252,1,0.3404255319148936
3475,1,0.3404255319148936
3478,1,0.3404255319148936
3481,1,0.3404255319148936
5367,1,0.3404255319148936
1681,3,0.3404255319148936
336,1,0.3404255319148936
397,1,0.3404255319148936
79,1,0.3404255319148936
980,1,0.3404255319148936
383,2,0.3404255319148936
89,1,0.3404255319148936
385,1,0.3404255319148936
747,1,0.3404255319148936
116,1,0.3404255319148936
386,1,0.3404255319148936
390,1,0.3404255319148936
120,1,0.3404255319148936
395,1,0.3404255319148936
396,1,0.3404255319148936
124,1,0.3404255319148936
184,1,0.3404255319148936
400,1,0.3404255319148936
134,1,0.3404255319148936
403,1,0.3404255319148936
607,1,0.3404255319148936
38,5,0.3404255319148936
157,1,0.3404255319148936
977,1,0.3404255319148936
408,1,0.3404255319148936
411,1,0.3404255319148936
605,1,0.3404255319148936
414,1,0.3404255319148936
180,1,0.3404255319148936
382,2,0.3404255319148936
75,1,0.3404255319148936
379,1,0.3404255319148936
358,1,0.3404255319148936
1085,1,0.3404255319148936
368,2,0.3404255319148936
39,1,0.3404255319148936
1091,1,0.3404255319148936
1101,2,0.3404255319148936
629,1,0.3404255319148936
369,1,0.3404255319148936
1104,1,0.3404255319148936
709,1,0.3404255319148936
1056,1,0.3404255319148936
364,2,0.3404255319148936
370,1,0.3404255319148936
371,1,0.3404255319148936
374,1,0.3404255319148936
18,1,0.3404255319148936
362,1,0.3404255319148936
360,2,0.3404255319148936
1114,2,0.3404255319148936
1046,1,0.3404255319148936
15,1,0.3404255319148936
724,1,0.3404255319148936
730,1,0.3404255319148936
376,1,0.3404255319148936
733,1,0.3404255319148936
625,2,0.3404255319148936
602,1,0.3404255319148936
142,1,0.3404255319148936
187,2,0.3404255319148936
530,1,0.3404255319148936
270,1,0.3404255319148936
277,1,0.3404255319148936
278,2,0.3404255319148936
956,1,0.3404255319148936
316,1,0.3404255319148936
323,1,0.3404255319148936
349,1,0.3404255319148936
325,1,0.3404255319148936
345,1,0.3404255319148936
529,1,0.3404255319148936
494,1,0.3404255319148936
333,1,0.3404255319148936
343,1,0.3404255319148936
341,2,0.3404255319148936
522,1,0.3404255319148936
339,1,0.3404255319148936
338,1,0.3404255319148936
519,1,0.3404255319148936
508,1,0.3404255319148936
337,2,0.3404255319148936
535,1,0.3404255319148936
367,2,0.3404255319148936
968,1,0.3404255319148936
231,1,0.3404255319148936
962,1,0.3404255319148936
541,1,0.3404255319148936
264,1,0.3404255319148936
539,1,0.3404255319148936
965,1,0.3404255319148936
266,1,0.3404255319148936
241,1,0.3404255319148936
543,1,0.3404255319148936
578,1,0.3404255319148936
975,1,0.3404255319148936
483,1,0.3404255319148936
492,1,0.3404255319148936
202,2,0.3404255319148936
417,1,0.3404255319148936
1572,5,0.34042553191489355
1642,3,0.34042553191489355
1595,5,0.34042553191489355
1579,7,0.34042553191489355
1739,3,0.34042553191489355
1425,18,0.34042553191489355
1568,6,0.3404255319148935
1157,92,0.3399629972247919
1397,19,0.33930571108622615
1154,74,0.3392754456584244
1348,38,0.3387458006718926
1158,104,0.33797054009819966
1433,16,0.3377659574468085
1373,23,0.337650323774283
1161,95,0.33706606942889134
1125,88,0.3370406189555125
1423,15,0.3361702127659573
1337,48,0.3359929078014184
1324,37,0.335250143760782
1596,4,0.3351063829787234
1622,4,0.3351063829787234
1626,4,0.3351063829787234
1168,94,0.334314169307379
1430,18,0.33333333333333326
1159,102,0.33333333333333326
1164,92,0.33256244218316383
1526,8,0.3324468085106383
1590,8,0.3324468085106383
1170,86,0.33151904997525977
1171,100,0.33148936170212756
1547,7,0.331306990881459
1593,7,0.3313069908814589
1583,7,0.3313069908814589
1563,7,0.3313069908814589
1173,102,0.33124739257405084
1450,13,0.3306055646481178
1341,42,0.3302938196555217
1128,84,0.33004052684903745
1182,110,0.32998065764023204
1667,6,0.32978723404255317
1607,6,0.32978723404255317
1150,84,0.32978723404255317
1139,84,0.32902735562310015
1316,49,0.3287016934433349
1163,92,0.3286308973172988
1600,7,0.32826747720364735
1198,98,0.32783326096396
1345,37,0.327774583093732
1166,94,0.32775011317338154
1627,5,0.327659574468085
1355,30,0.327659574468085
1335,43,0.32756061355764476
1268,63,0.3272543059777101
1290,54,0.32702915681639083
1391,20,0.326595744680851
1389,27,0.3262411347517731
1400,27,0.3262411347517731
60,3,0.32624113475177297
1176,117,0.32587743226041094
1299,52,0.32569558101472995
1167,112,0.32484802431610943
1586,8,0.324468085106383
1378,16,0.324468085106383
1654,4,0.324468085106383
1371,31,0.32395332875772126
1504,9,0.32387706855791953
1187,110,0.3235976789168278
1399,20,0.3234042553191489
1343,35,0.32340425531914885
1346,36,0.3226950354609929
1191,109,0.32266250243997663
1172,110,0.32224371373307537
1658,7,0.32218844984802425
1481,14,0.3221884498480242
1186,100,0.32191489361702136
1199,100,0.32
1178,108,0.31993695823483065
1441,12,0.3191489361702128
4084,1,0.3191489361702128
4092,1,0.3191489361702128
1621,3,0.3191489361702128
1855,3,0.3191489361702128
1747,3,0.3191489361702128
1395,16,0.3191489361702128
33,3,0.3191489361702128
28,3,0.3191489361702128
1724,3,0.3191489361702128
5719,1,0.3191489361702128
1711,3,0.3191489361702128
355,3,0.3191489361702128
1773,3,0.3191489361702128
1402,22,0.3191489361702128
1412,18,0.3191489361702127
1569,9,0.31914893617021267
61,3,0.31914893617021267
1280,64,0.3184840425531915
1390,29,0.31841526045487883
1177,110,0.31740812379110245
1274,70,0.3173252279635258
1200,112,0.3170592705167172
1380,24,0.3164893617021277
1419,16,0.31648936170212766
1573,8,0.31648936170212766
1188,116,0.316030814380044
1374,26,0.31587561374795414
1307,51,0.3158114309553608
1452,18,0.3156028368794326
1225,86,0.31519049975259766
1383,26,0.31505728314238945
1647,5,0.31489361702127655
1672,5,0.31489361702127655
1410,20,0.31489361702127655
1585,10,0.31489361702127655
1625,5,0.31489361702127655
1671,5,0.31489361702127644
1557,5,0.31489361702127644
1206,103,0.31481098946498665
1262,67,0.31438551921244834
1197,105,0.3142857142857142
1447,17,0.31414267834793486
1195,111,0.3137818669733564
1418,19,0.31354983202687564
1304,56,0.31344984802431614
1194,97,0.3134459311252467
1486,14,0.3130699088145896
1576,7,0.3130699088145896
1530,7,0.31306990881458957
1338,45,0.3130023640661938
1365,31,0.3122855181880576
1333,43,0.3122216724393865
1819,3,0.3120567375886525
1455,9,0.31205673758865243
1367,38,0.3118701007838746
1446,20,0.31170212765957456
1392,20,0.3117021276595745
1180,111,0.3116733755031627
1190,116,0.3116287600880411
1184,97,0.3114718139942969
1474,11,0.31141199226305616
1320,51,0.3112223612849394
1209,107,0.31119506860210777
1344,39,0.31096563011456624
1223,87,0.3108339447297629
1219,86,0.3107372587827808
1322,45,0.3106382978723404
1312,55,0.309477756286267
1323,44,0.309477756286267
1202,105,0.3094224924012158
1398,19,0.30907054871220613
1179,120,0.3090425531914893
1207,92,0.3089731729879741
1342,31,0.30885380919698
1254,77,0.30864879801050005
1189,109,0.30860823736092136
1408,24,0.30851063829787245
1736,2,0.30851063829787234
37,2,0.30851063829787234
504,2,0.30851063829787234
503,2,0.30851063829787234
1827,2,0.30851063829787234
1631,6,0.30851063829787234
1620,4,0.30851063829787234
1818,2,0.30851063829787234
1682,2,0.30851063829787234
1811,2,0.30851063829787234
1796,2,0.30851063829787234
1916,2,0.30851063829787234
20,2,0.30851063829787234
1771,2,0.30851063829787234
1770,4,0.30851063829787234
1769,2,0.30851063829787234
1761,2,0.30851063829787234
1686,4,0.30851063829787234
1551,4,0.30851063829787234
1710,4,0.30851063829787234
1745,2,0.30851063829787234
1902,2,0.30851063829787234
1778,2,0.30851063829787234
293,2,0.30851063829787234
352,2,0.30851063829787234
56,2,0.30851063829787234
186,2,0.30851063829787234
5234,2,0.30851063829787234
978,2,0.30851063829787234
305,2,0.30851063829787234
129,2,0.30851063829787234
5245,2,0.30851063829787234
201,2,0.30851063829787234
1592,6,0.3085106382978723
1424,14,0.3085106382978723
1255,76,0.3082306830907054
1201,108,0.307919621749409
1222,100,0.30638297872340436
1403,13,0.3060556464811784
1181,100,0.30595744680851067
1175,102,0.3053817271589486
1185,101,0.3052454181588371
1490,9,0.3049645390070922
1406,18,0.30496453900709214
1192,117,0.3047826877614111
1376,25,0.3046808510638298
1285,57,0.3045912653975364
1174,105,0.3043566362715298
1339,42,0.30395136778115495
1464,14,0.3039513677811549
1554,7,0.3039513677811549
1183,102,0.3039215686274509
1246,81,0.3039138429209351
1267,67,0.30390600190536676
1235,86,0.30356259277585346
1384,30,0.3035460992907801
1354,34,0.30350438047559447
1220,95,0.30347144456886904
1363,38,0.303471444568869
1454,12,0.30319148936170204
1393,22,0.30270793036750493
1226,99,0.3026004728132388
1361,29,0.30227439471753487
43,5,0.30212765957446813
1612,5,0.30212765957446813
1650,5,0.3021276595744681
1577,5,0.3021276595744681
1277,52,0.30196399345335523
1315,48,0.3018617021276596
1242,82,0.30176440062272963
1205,94,0.3017202354006338
1283,50,0.30170212765957455
1422,17,0.30162703379224026
1193,110,0.3013539651837523
1227,96,0.3011968085106382
1357,33,0.3010960670535138
1347,47,0.30104119511091
1580,7,0.30091185410334337
1420,15,0.30070921985815596
1562,8,0.300531914893617
1224,85,0.30037546933667075
1329,46,0.3001850138760406
1362,41,0.2999481058640374
1203,109,0.29982432168651185
1305,50,0.29957446808510646
1332,39,0.2995090016366612
1479,14,0.2993920972644376
1241,92,0.29925994449583715
1261,78,0.2992362247681396
1234,97,0.2989690721649484
1350,40,0.298936170212766
1318,43,0.29886194952993567
1325,46,0.29879740980573544
1248,76,0.2981522956326988
1428,18,0.2978723404255319
1608,6,0.2978723404255319
1624,5,0.2978723404255319
350,3,0.2978723404255319
1673,3,0.2978723404255319
49,3,0.2978723404255319
351,3,0.2978723404255319
1109,3,0.2978723404255319
1527,3,0.2978723404255319
158,3,0.2978723404255319
1484,6,0.2978723404255319
1477,8,0.2978723404255319
381,3,0.2978723404255319
1105,3,0.2978723404255319
1730,2,0.2978723404255319
1729,3,0.2978723404255319
1723,3,0.2978723404255319
36,3,0.29787234042553185
1661,6,0.2978723404255318
1240,88,0.2976305609284332
1258,70,0.29756838905775074
1286,55,0.29748549323017415
1331,49,0.29743812418584464
1250,75,0.29730496453900707
1281,60,0.29716312056737587
1379,28,0.297112462006079
1247,83,0.29710330684439895
1292,53,0.29706945002007223
1300,61,0.29682595047087557
1204,104,0.29664484451718487
1249,83,0.2965906177903101
1319,48,0.2965425531914893
1340,47,0.2965142598460841
1492,13,0.2962356792144025
1311,49,0.2961354754667825
1221,85,0.2958698372966207
1416,10,0.2957446808510638
1415,19,0.29563269876819703
1265,66,0.29561573178594447
1431,17,0.29536921151439294
1253,75,0.29503546099290784
1349,28,0.2948328267477205
1264,77,0.2948328267477204
1581,7,0.2948328267477203
1326,42,0.2948328267477203
1462,14,0.2948328267477203
1263,68,0.2944305381727158
1243,92,0.2944033302497688
1298,47,0.2937980986871887
1216,91,0.29342997428103806
1297,56,0.2933130699088146
1404,23,0.29324699352451433
1414,18,0.29314420803782504
1370,31,0.2930679478380234
1677,4,0.2925531914893617
1436,16,0.2925531914893617
1435,16,0.2925531914893617
1762,4,0.2925531914893617
1765,4,0.2925531914893617
1588,8,0.2925531914893617
30,4,0.2925531914893617
1539,8,0.2925531914893617
1196,97,0.2923886817284492
1273,69,0.29232192414431085
1239,88,0.29231141199226307
1236,88,0.2918278529980658
1288,55,0.2916827852998066
1218,96,0.2916666666666666
1360,34,0.2916145181476846
1356,30,0.2914893617021276
1230,87,0.29126925898752754
1440,16,0.2912234042553192
1259,76,0.2911534154535274
1375,22,0.29110251450676977
1210,103,0.29105556703160507
1257,76,0.2908734602463606
1449,12,0.2907801418439716
1368,27,0.2907801418439716
1228,84,0.2907801418439716
1270,59,0.2906599350883519
1231,90,0.29054373522458626
1289,46,0.2904717853839037
1244,86,0.2904502721425037
1232,89,0.29022232847238816
1256,79,0.29006194451925676
1421,19,0.29003359462485995
1330,48,0.2898936170212766
1233,87,0.2898019075568599
1469,13,0.2896890343698854
1457,13,0.2896890343698854
1212,107,0.2895207794790216
1211,116,0.2894350696991929
1238,88,0.2894100580270793
44,5,0.2893617021276596
1542,5,0.2893617021276596
1545,5,0.28936170212765955
1553,10,0.28936170212765955
47,5,0.28936170212765955
1327,45,0.28936170212765955
1448,15,0.28936170212765955
1287,58,0.289068231841526
1237,93,0.2882635552505148
1214,97,0.288001754770783
1353,36,0.2872340425531915
1536,6,0.2872340425531915
1512,6,0.2872340425531915
1411,12,0.2872340425531915
1444,12,0.2872340425531915
1276,60,0.28723404255319146
1208,103,0.287130758107829
1251,71,0.2867845370092898
1275,62,0.286547700754976
1445,13,0.28641571194762677
1282,59,0.28633249188604404
1317,46,0.2863089731729879
1482,14,0.2857142857142857
1499,7,0.2857142857142857
1245,84,0.2854609929078014
1429,15,0.2851063829787233
1369,30,0.2851063829787233
1271,68,0.2850438047559448
1252,76,0.2849944008958567
1308,55,0.2847195357833656
1515,8,0.2845744680851064
1278,64,0.2845744680851064
1385,25,0.2842553191489362
1260,68,0.2837922403003754
1386,24,0.2836879432624114
1511,9,0.28368794326241137
1535,9,0.2836879432624113
1269,60,0.28333333333333327
1351,38,0.28331466965285557
1336,46,0.28307123034227566
1466,11,0.28239845261121865
1497,11,0.2823984526112186
1310,49,0.28180633955709944
1427,13,0.2815057283142389
1229,90,0.2813238770685579
1279,55,0.28123791102514506
1213,98,0.28115501519756836
1215,89,0.2811379392780301
1266,61,0.2807813044994767
1296,47,0.28066998641919416
1437,16,0.28058510638297873
1334,50,0.27999999999999997
1302,63,0.27997298210064164
1217,103,0.279694278041727
1314,55,0.2793036750483558
1294,50,0.2787234042553192
1388,22,0.27852998065764023
1328,45,0.2780141843971631
1306,50,0.2778723404255318
1321,56,0.27659574468085113
5287,1,0.2765957446808511
128,1,0.2765957446808511
230,1,0.2765957446808511
5208,2,0.2765957446808511
228,1,0.2765957446808511
144,1,0.2765957446808511
5226,2,0.2765957446808511
191,2,0.2765957446808511
227,1,0.2765957446808511
5213,2,0.2765957446808511
2476,1,0.2765957446808511
976,1,0.2765957446808511
5250,2,0.2765957446808511
2488,1,0.2765957446808511
226,1,0.2765957446808511
5265,1,0.2765957446808511
276,1,0.2765957446808511
185,3,0.2765957446808511
5256,1,0.2765957446808511
225,1,0.2765957446808511
5254,2,0.2765957446808511
224,1,0.2765957446808511
2487,1,0.2765957446808511
127,2,0.2765957446808511
118,1,0.2765957446808511
5717,1,0.2765957446808511
5712,1,0.2765957446808511
5713,1,0.2765957446808511
1983,1,0.2765957446808511
1979,1,0.2765957446808511
1978,1,0.2765957446808511
1974,1,0.2765957446808511
1973,1,0.2765957446808511
1966,1,0.2765957446808511
1964,1,0.2765957446808511
1962,1,0.2765957446808511
1959,1,0.2765957446808511
111,1,0.2765957446808511
1957,1,0.2765957446808511
5720,1,0.2765957446808511
5722,1,0.2765957446808511
1940,1,0.2765957446808511
1938,1,0.2765957446808511
41,2,0.2765957446808511
1930,2,0.2765957446808511
11933,1,0.2765957446808511
1924,1,0.2765957446808511
1923,1,0.2765957446808511
1989,1,0.2765957446808511
5709,1,0.2765957446808511
5704,1,0.2765957446808511
5703,1,0.2765957446808511
97,1,0.2765957446808511
93,1,0.2765957446808511
85,1,0.2765957446808511
2417,1,0.2765957446808511
2416,2,0.2765957446808511
982,1,0.2765957446808511
2404,1,0.2765957446808511
2403,1,0.2765957446808511
973,1,0.2765957446808511
77,2,0.2765957446808511
5362,1,0.2765957446808511
5368,1,0.2765957446808511
5377,1,0.2765957446808511
65,1,0.2765957446808511
58,2,0.2765957446808511
5406,1,0.2765957446808511
5412,1,0.2765957446808511
57,2,0.2765957446808511
5698,1,0.2765957446808511
5699,1,0.2765957446808511
5701,1,0.2765957446808511
983,1,0.2765957446808511
1387,26,0.2765957446808511
2605,1,0.2765957446808511
442,1,0.2765957446808511
4126,1,0.2765957446808511
4262,1,0.2765957446808511
4270,1,0.2765957446808511
4272,1,0.2765957446808511
4273,1,0.2765957446808511
475,1,0.2765957446808511
4074,1,0.2765957446808511
4285,1,0.2765957446808511
439,1,0.2765957446808511
4131,1,0.2765957446808511
4301,1,0.2765957446808511
4311,1,0.2765957446808511
591,1,0.2765957446808511
592,1,0.2765957446808511
423,1,0.2765957446808511
1291,52,0.2765957446808511
3689,1,0.2765957446808511
3673,1,0.2765957446808511
4128,1,0.2765957446808511
4137,1,0.2765957446808511
3626,1,0.2765957446808511
515,2,0.2765957446808511
510,1,0.2765957446808511
509,1,0.2765957446808511
4198,1,0.2765957446808511
4216,1,0.2765957446808511
506,1,0.2765957446808511
4191,1,0.2765957446808511
4190,1,0.2765957446808511
4188,1,0.2765957446808511
4225,1,0.2765957446808511
4246,1,0.2765957446808511
4170,1,0.2765957446808511
4232,1,0.2765957446808511
4163,1,0.2765957446808511
4157,1,0.2765957446808511
4242,1,0.2765957446808511
505,1,0.2765957446808511
4148,1,0.2765957446808511
4244,1,0.2765957446808511
5110,1,0.2765957446808511
5120,1,0.2765957446808511
5188,1,0.2765957446808511
357,2,0.2765957446808511
715,1,0.2765957446808511
721,1,0.2765957446808511
722,1,0.2765957446808511
726,1,0.2765957446808511
732,1,0.2765957446808511
11935,1,0.2765957446808511
359,2,0.2765957446808511
735,1,0.2765957446808511
354,2,0.2765957446808511
3453,1,0.2765957446808511
744,1,0.2765957446808511
745,1,0.2765957446808511
879,1,0.2765957446808511
888,1,0.2765957446808511
1417,13,0.2765957446808511
2636,1,0.2765957446808511
344,2,0.2765957446808511
342,2,0.2765957446808511
3449,1,0.2765957446808511
363,2,0.2765957446808511
1313,52,0.2765957446808511
624,1,0.2765957446808511
388,2,0.2765957446808511
3599,1,0.2765957446808511
5126,1,0.2765957446808511
3592,1,0.2765957446808511
3589,1,0.2765957446808511
3584,1,0.2765957446808511
617,1,0.2765957446808511
3573,1,0.2765957446808511
380,2,0.2765957446808511
3458,1,0.2765957446808511
378,2,0.2765957446808511
3524,1,0.2765957446808511
375,2,0.2765957446808511
626,1,0.2765957446808511
642,1,0.2765957446808511
366,2,0.2765957446808511
714,1,0.2765957446808511
365,2,0.2765957446808511
11934,1,0.2765957446808511
511,1,0.2765957446808511
1699,2,0.2765957446808511
1717,2,0.2765957446808511
11954,1,0.2765957446808511
1617,4,0.2765957446808511
11953,1,0.2765957446808511
22,2,0.2765957446808511
1520,6,0.2765957446808511
21,4,0.2765957446808511
1713,2,0.2765957446808511
1108,2,0.2765957446808511
1781,2,0.2765957446808511
512,2,0.2765957446808511
1852,1,0.2765957446808511
1110,4,0.2765957446808511
1856,1,0.2765957446808511
1858,1,0.2765957446808511
1859,1,0.2765957446808511
1768,2,0.2765957446808511
1678,4,0.2765957446808511
1764,3,0.2765957446808511
1763,2,0.2765957446808511
1861,1,0.2765957446808511
1716,4,0.2765957446808511
1865,1,0.2765957446808511
1548,4,0.2765957446808511
1844,2,0.2765957446808511
1537,4,0.2765957446808511
1799,2,0.2765957446808511
1690,3,0.2765957446808511
1697,3,0.2765957446808511
1828,2,0.2765957446808511
1831,1,0.2765957446808511
1575,4,0.2765957446808511
1698,2,0.2765957446808511
1694,2,0.2765957446808511
1098,3,0.2765957446808511
1693,2,0.2765957446808511
1096,2,0.2765957446808511
100413,1,0.2765957446808511
1820,2,0.2765957446808511
1802,1,0.2765957446808511
1700,2,0.2765957446808511
1703,2,0.2765957446808511
1841,1,0.2765957446808511
1598,2,0.2765957446808511
1685,3,0.2765957446808511
1810,1,0.2765957446808511
1807,1,0.2765957446808511
1805,1,0.2765957446808511
1842,1,0.2765957446808511
1513,6,0.2765957446808511
1675,4,0.2765957446808511
1088,2,0.2765957446808511
1565,5,0.2765957446808511
11948,1,0.2765957446808511
1877,1,0.2765957446808511
1878,1,0.2765957446808511
1735,2,0.2765957446808511
1880,1,0.2765957446808511
1882,1,0.2765957446808511
1883,1,0.2765957446808511
1884,1,0.2765957446808511
1722,4,0.2765957446808511
1888,1,0.2765957446808511
11945,1,0.2765957446808511
1890,2,0.2765957446808511
1894,1,0.2765957446808511
1895,1,0.2765957446808511
1897,1,0.2765957446808511
1898,2,0.2765957446808511
1733,2,0.2765957446808511
1901,1,0.2765957446808511
1903,2,0.2765957446808511
1904,1,0.2765957446808511
1731,2,0.2765957446808511
1906,1,0.2765957446808511
1907,1,0.2765957446808511
1908,1,0.2765957446808511
11942,1,0.2765957446808511
11938,1,0.2765957446808511
1556,2,0.2765957446808511
11960,1,0.2765957446808511
11951,1,0.2765957446808511
1868,1,0.2765957446808511
1871,1,0.2765957446808511
1759,2,0.2765957446808511
1752,2,0.2765957446808511
1641,6,0.2765957446808511
1869,1,0.2765957446808511
1754,3,0.2765957446808511
1623,4,0.2765957446808511
1867,2,0.2765957446808511
1113,3,0.276595744680851
1766,3,0.276595744680851
1488,10,0.276595744680851
1434,15,0.276595744680851
1853,3,0.276595744680851
1514,9,0.276595744680851
1366,30,0.276595744680851
1100,3,0.276595744680851
1439,15,0.27659574468085096
1284,55,0.27620889748549327
1372,30,0.27588652482269505
1352,38,0.27491601343785
1377,21,0.2745694022289767
1303,57,0.2739828294139603
1358,24,0.27393617021276595
1309,47,0.27252150294250793
1463,13,0.27168576104746317
1401,20,0.27127659574468094
1727,4,0.2712765957446808
1364,34,0.27096370463078845
1473,10,0.2702127659574468
1480,10,0.27021276595744675
1483,9,0.2695035460992908
1742,3,0.2695035460992908
1560,9,0.2695035460992908
1475,9,0.2695035460992907
1426,17,0.2690863579474343
1506,7,0.26747720364741645
1272,63,0.2664640324214792
1461,12,0.2659574468085107
1836,2,0.26595744680851063
501,2,0.26595744680851063
1726,2,0.26595744680851063
1817,2,0.26595744680851063
1493,14,0.2659574468085106
1546,6,0.2659574468085106
1359,35,0.26565349544072947
1485,11,0.2649903288201161
1494,11,0.26499032882011603
1442,17,0.2640801001251564
1518,5,0.26382978723404255
1470,10,0.26382978723404255
1472,14,0.2629179331306991
1496,9,0.2624113475177305
1516,9,0.2624113475177305
1293,54,0.2612293144208038
1112,4,0.26063829787234044
627,4,0.26063829787234044
14,4,0.26063829787234044
1687,5,0.25957446808510637
1381,18,0.25886524822695034
1471,14,0.25835866261398177
1460,14,0.25835866261398177
1295,49,0.2583586626139817
1478,13,0.2569558101472994
1657,3,0.2553191489361702
62,3,0.2553191489361702
4047,1,0.2553191489361702
353,3,0.2553191489361702
1523,6,0.2553191489361702
2482,1,0.2553191489361702
4077,1,0.2553191489361702
1640,3,0.2553191489361702
20338,1,0.2553191489361702
20307,1,0.2553191489361702
4177,1,0.2553191489361702
1767,3,0.2553191489361702
4091,1,0.2553191489361702
20334,1,0.2553191489361702
4172,1,0.2553191489361702
1519,6,0.2553191489361702
1777,3,0.2553191489361702
1748,3,0.2553191489361702
1645,3,0.2553191489361702
1053,1,0.2553191489361702
1615,3,0.2553191489361702
5174,1,0.2553191489361702
4066,1,0.2553191489361702
1668,3,0.2553191489361702
2525,1,0.2553191489361702
46,3,0.2553191489361702
20319,1,0.2553191489361702
1680,4,0.2553191489361702
4129,1,0.2553191489361702
1652,3,0.2553191489361702
51,3,0.2553191489361702
2508,1,0.2553191489361702
1740,3,0.2553191489361702
1507,9,0.2529550827423168
1500,8,0.2526595744680851
1533,8,0.2526595744680851
1552,5,0.25106382978723407
1451,15,0.251063829787234
1489,12,0.24999999999999997
1502,7,0.2492401215805471
1776,3,0.24822695035460987
1465,13,0.24549918166939444
1467,12,0.24468085106382984
1679,4,0.24468085106382978
1737,2,0.24468085106382978
1910,2,0.24468085106382978
1649,6,0.24468085106382978
1905,2,0.24468085106382978
1532,4,0.24468085106382978
1899,2,0.24468085106382978
1843,2,0.24468085106382978
1555,6,0.24468085106382978
1850,2,0.24468085106382978
1795,2,0.24468085106382978
1775,4,0.24468085106382978
1750,4,0.24468085106382978
1719,2,0.24468085106382978
628,2,0.24468085106382978
1806,4,0.24468085106382978
1619,4,0.24468085106382978
26,4,0.24468085106382978
294,2,0.24468085106382978
1709,2,0.24468085106382978
974,2,0.24468085106382978
1839,2,0.24468085106382978
1821,2,0.24468085106382978
1833,2,0.24468085106382978
1808,2,0.24468085106382978
1814,2,0.24468085106382978
1476,10,0.24468085106382975
1443,14,0.24468085106382975
1549,5,0.23829787234042554
1458,10,0.23829787234042554
1558,5,0.23829787234042554
1510,10,0.23829787234042554
1501,10,0.23829787234042552
1495,8,0.23670212765957446
1487,11,0.23597678916827855
1459,11,0.23597678916827855
8,3,0.2340425531914894
1529,6,0.2340425531914894
1743,3,0.23404255319148937
1453,9,0.23404255319148937
1840,3,0.23404255319148937
1684,3,0.23404255319148937
1835,2,0.23404255319148937
1863,3,0.23404255319148937
1851,3,0.23404255319148937
1574,3,0.23404255319148937
1701,2,0.23404255319148937
1757,3,0.23404255319148937
1666,3,0.23404255319148937
1528,7,0.23100303951367782
1508,7,0.23100303951367782
1503,7,0.23100303951367782
1744,4,0.22872340425531915
1111,4,0.22872340425531915
1571,4,0.22872340425531915
1738,4,0.22872340425531915
1509,8,0.22872340425531915
1826,4,0.22872340425531915
1728,4,0.22872340425531915
1725,3,0.22695035460992907
1707,3,0.22695035460992907
1544,5,0.22553191489361704
1491,11,0.2243713733075435
1849,2,0.22340425531914893
1505,7,0.22188449848024314
1534,8,0.22074468085106383
4212,1,0.2127659574468085
100431,1,0.2127659574468085
100419,1,0.2127659574468085
20325,1,0.2127659574468085
4263,1,0.2127659574468085
4248,1,0.2127659574468085
412,1,0.2127659574468085
4269,1,0.2127659574468085
498,1,0.2127659574468085
413,1,0.2127659574468085
4217,1,0.2127659574468085
4339,1,0.2127659574468085
100411,1,0.2127659574468085
4256,1,0.2127659574468085
4220,1,0.2127659574468085
4257,1,0.2127659574468085
416,1,0.2127659574468085
4258,1,0.2127659574468085
5104,1,0.2127659574468085
4260,1,0.2127659574468085
4228,1,0.2127659574468085
100423,1,0.2127659574468085
20331,1,0.2127659574468085
4302,1,0.2127659574468085
4281,1,0.2127659574468085
20340,1,0.2127659574468085
9,2,0.2127659574468085
4299,1,0.2127659574468085
100432,1,0.2127659574468085
4283,1,0.2127659574468085
4233,1,0.2127659574468085
4235,1,0.2127659574468085
4284,1,0.2127659574468085
4296,1,0.2127659574468085
4236,1,0.2127659574468085
4294,1,0.2127659574468085
4241,1,0.2127659574468085
4292,1,0.2127659574468085
4307,1,0.2127659574468085
4280,1,0.2127659574468085
100421,1,0.2127659574468085
4277,1,0.2127659574468085
4223,1,0.2127659574468085
100406,1,0.2127659574468085
4224,1,0.2127659574468085
100420,1,0.2127659574468085
4275,1,0.2127659574468085
100422,1,0.2127659574468085
4226,1,0.2127659574468085
4231,1,0.2127659574468085
4240,1,0.2127659574468085
4229,1,0.2127659574468085
4279,1,0.2127659574468085
426,1,0.2127659574468085
437,1,0.2127659574468085
4308,1,0.2127659574468085
4261,1,0.2127659574468085
11937,1,0.2127659574468085
5105,1,0.2127659574468085
199,1,0.2127659574468085
123,1,0.2127659574468085
126,1,0.2127659574468085
5311,1,0.2127659574468085
5301,1,0.2127659574468085
145,1,0.2127659574468085
5295,1,0.2127659574468085
5294,1,0.2127659574468085
5291,1,0.2127659574468085
5288,1,0.2127659574468085
159,1,0.2127659574468085
170,1,0.2127659574468085
176,1,0.2127659574468085
11956,1,0.2127659574468085
11958,1,0.2127659574468085
182,1,0.2127659574468085
183,1,0.2127659574468085
5266,1,0.2127659574468085
5262,1,0.2127659574468085
5257,1,0.2127659574468085
5255,1,0.2127659574468085
11959,1,0.2127659574468085
188,1,0.2127659574468085
189,1,0.2127659574468085
5251,2,0.2127659574468085
5249,1,0.2127659574468085
100458,1,0.2127659574468085
108,1,0.2127659574468085
84,1,0.2127659574468085
5397,1,0.2127659574468085
11941,1,0.2127659574468085
42,1,0.2127659574468085
11929,1,0.2127659574468085
11943,1,0.2127659574468085
11946,1,0.2127659574468085
100462,1,0.2127659574468085
5416,1,0.2127659574468085
5415,1,0.2127659574468085
5414,1,0.2127659574468085
5410,1,0.2127659574468085
5400,1,0.2127659574468085
5393,1,0.2127659574468085
82,1,0.2127659574468085
5385,1,0.2127659574468085
5383,1,0.2127659574468085
68,1,0.2127659574468085
5374,1,0.2127659574468085
70,1,0.2127659574468085
5369,1,0.2127659574468085
72,2,0.2127659574468085
5358,1,0.2127659574468085
74,1,0.2127659574468085
76,2,0.2127659574468085
81,1,0.2127659574468085
193,1,0.2127659574468085
203,1,0.2127659574468085
406,1,0.2127659574468085
5241,2,0.2127659574468085
20128,1,0.2127659574468085
20190,1,0.2127659574468085
20231,1,0.2127659574468085
20279,1,0.2127659574468085
20287,1,0.2127659574468085
20298,1,0.2127659574468085
100452,1,0.2127659574468085
100447,1,0.2127659574468085
5154,1,0.2127659574468085
5153,1,0.2127659574468085
5151,1,0.2127659574468085
5149,1,0.2127659574468085
5146,1,0.2127659574468085
20301,1,0.2127659574468085
5139,1,0.2127659574468085
5137,1,0.2127659574468085
17,1,0.2127659574468085
20308,1,0.2127659574468085
387,1,0.2127659574468085
20311,1,0.2127659574468085
392,1,0.2127659574468085
393,2,0.2127659574468085
394,1,0.2127659574468085
5109,1,0.2127659574468085
404,1,0.2127659574468085
5170,1,0.2127659574468085
11968,1,0.2127659574468085
348,1,0.2127659574468085
5214,1,0.2127659574468085
207,1,0.2127659574468085
100454,1,0.2127659574468085
11961,1,0.2127659574468085
229,1,0.2127659574468085
250,1,0.2127659574468085
5225,1,0.2127659574468085
5219,2,0.2127659574468085
5218,2,0.2127659574468085
5217,2,0.2127659574468085
5216,1,0.2127659574468085
5215,1,0.2127659574468085
11962,1,0.2127659574468085
5182,1,0.2127659574468085
5210,1,0.2127659574468085
299,1,0.2127659574468085
300,1,0.2127659574468085
318,1,0.2127659574468085
5199,1,0.2127659574468085
11963,1,0.2127659574468085
11965,1,0.2127659574468085
327,1,0.2127659574468085
331,1,0.2127659574468085
334,1,0.2127659574468085
5187,1,0.2127659574468085
5172,1,0.2127659574468085
1001,1,0.2127659574468085
4206,1,0.2127659574468085
2412,1,0.2127659574468085
2429,1,0.2127659574468085
2431,1,0.2127659574468085
2432,1,0.2127659574468085
2433,1,0.2127659574468085
979,1,0.2127659574468085
2439,1,0.2127659574468085
2441,1,0.2127659574468085
2446,1,0.2127659574468085
2447,1,0.2127659574468085
2448,1,0.2127659574468085
2450,1,0.2127659574468085
2451,1,0.2127659574468085
2452,1,0.2127659574468085
2454,1,0.2127659574468085
2455,1,0.2127659574468085
2459,1,0.2127659574468085
2460,1,0.2127659574468085
2463,1,0.2127659574468085
2464,1,0.2127659574468085
2428,1,0.2127659574468085
2407,1,0.2127659574468085
2467,1,0.2127659574468085
1008,1,0.2127659574468085
2030,1,0.2127659574468085
2031,1,0.2127659574468085
1050,1,0.2127659574468085
2034,1,0.2127659574468085
1049,1,0.2127659574468085
2038,1,0.2127659574468085
2042,1,0.2127659574468085
2090,1,0.2127659574468085
1041,1,0.2127659574468085
2155,1,0.2127659574468085
2177,1,0.2127659574468085
2181,1,0.2127659574468085
1038,1,0.2127659574468085
2244,1,0.2127659574468085
1036,1,0.2127659574468085
1035,1,0.2127659574468085
1024,1,0.2127659574468085
1016,1,0.2127659574468085
1014,1,0.2127659574468085
2466,1,0.2127659574468085
2468,1,0.2127659574468085
2024,1,0.2127659574468085
2520,1,0.2127659574468085
2523,1,0.2127659574468085
2524,1,0.2127659574468085
2531,1,0.2127659574468085
2532,1,0.2127659574468085
2533,1,0.2127659574468085
2534,1,0.2127659574468085
2535,1,0.2127659574468085
2537,1,0.2127659574468085
2538,1,0.2127659574468085
2539,1,0.2127659574468085
2540,1,0.2127659574468085
4205,1,0.2127659574468085
1543,2,0.2127659574468085
1541,3,0.2127659574468085
1522,2,0.2127659574468085
2545,1,0.2127659574468085
2548,1,0.2127659574468085
2549,1,0.2127659574468085
2551,1,0.2127659574468085
2522,1,0.2127659574468085
2516,1,0.2127659574468085
2469,1,0.2127659574468085
2513,1,0.2127659574468085
2470,1,0.2127659574468085
2473,1,0.2127659574468085
2474,1,0.2127659574468085
2475,1,0.2127659574468085
2478,1,0.2127659574468085
2480,1,0.2127659574468085
2481,1,0.2127659574468085
2483,1,0.2127659574468085
2492,1,0.2127659574468085
2494,1,0.2127659574468085
2495,1,0.2127659574468085
2496,1,0.2127659574468085
2498,1,0.2127659574468085
2499,1,0.2127659574468085
2502,1,0.2127659574468085
2503,1,0.2127659574468085
2504,1,0.2127659574468085
2509,1,0.2127659574468085
2510,1,0.2127659574468085
2029,1,0.2127659574468085
2022,1,0.2127659574468085
2555,1,0.2127659574468085
1784,1,0.2127659574468085
1786,2,0.2127659574468085
1787,3,0.2127659574468085
1788,2,0.2127659574468085
1789,1,0.2127659574468085
1643,1,0.2127659574468085
1791,2,0.2127659574468085
1618,3,0.2127659574468085
1794,1,0.2127659574468085
1797,2,0.2127659574468085
1804,2,0.2127659574468085
1812,3,0.2127659574468085
1813,2,0.2127659574468085
1815,1,0.2127659574468085
1825,2,0.2127659574468085
1830,3,0.2127659574468085
1097,1,0.2127659574468085
1837,1,0.2127659574468085
1838,1,0.2127659574468085
1845,3,0.2127659574468085
1785,1,0.2127659574468085
1780,1,0.2127659574468085
1079,1,0.2127659574468085
1760,1,0.2127659574468085
1691,3,0.2127659574468085
1676,1,0.2127659574468085
1692,4,0.2127659574468085
1695,4,0.2127659574468085
1702,1,0.2127659574468085
1705,2,0.2127659574468085
1706,2,0.2127659574468085
1708,1,0.2127659574468085
1715,2,0.2127659574468085
1718,3,0.2127659574468085
1720,1,0.2127659574468085
1721,2,0.2127659574468085
1115,2,0.2127659574468085
1734,1,0.2127659574468085
1741,3,0.2127659574468085
1746,4,0.2127659574468085
1749,1,0.2127659574468085
1751,2,0.2127659574468085
1756,3,0.2127659574468085
1089,1,0.2127659574468085
1075,1,0.2127659574468085
2018,1,0.2127659574468085
1977,1,0.2127659574468085
1988,1,0.2127659574468085
1991,1,0.2127659574468085
1992,1,0.2127659574468085
1993,1,0.2127659574468085
1997,1,0.2127659574468085
1998,1,0.2127659574468085
1999,1,0.2127659574468085
2000,1,0.2127659574468085
1052,1,0.2127659574468085
2002,1,0.2127659574468085
2003,2,0.2127659574468085
2004,1,0.2127659574468085
2005,2,0.2127659574468085
2006,1,0.2127659574468085
2007,1,0.2127659574468085
2009,1,0.2127659574468085
2011,2,0.2127659574468085
2013,1,0.2127659574468085
2015,1,0.2127659574468085
1984,1,0.2127659574468085
1969,1,0.2127659574468085
1069,1,0.2127659574468085
1961,1,0.2127659574468085
1881,2,0.2127659574468085
1068,1,0.2127659574468085
1889,1,0.2127659574468085
1896,1,0.2127659574468085
1900,1,0.2127659574468085
1909,1,0.2127659574468085
1911,1,0.2127659574468085
1066,1,0.2127659574468085
1917,1,0.2127659574468085
1064,1,0.2127659574468085
1063,1,0.2127659574468085
1059,1,0.2127659574468085
1934,1,0.2127659574468085
1937,1,0.2127659574468085
1942,1,0.2127659574468085
1055,1,0.2127659574468085
1952,1,0.2127659574468085
1954,1,0.2127659574468085
1958,1,0.2127659574468085
2553,1,0.2127659574468085
2552,1,0.2127659574468085
2557,1,0.2127659574468085
596,1,0.2127659574468085
3711,1,0.2127659574468085
3713,1,0.2127659574468085
3714,1,0.2127659574468085
3715,1,0.2127659574468085
3731,1,0.2127659574468085
3734,1,0.2127659574468085
3754,1,0.2127659574468085
568,1,0.2127659574468085
4064,1,0.2127659574468085
4065,1,0.2127659574468085
4068,1,0.2127659574468085
4070,1,0.2127659574468085
4071,1,0.2127659574468085
4075,1,0.2127659574468085
4085,1,0.2127659574468085
4093,1,0.2127659574468085
4094,1,0.2127659574468085
4096,1,0.2127659574468085
4098,1,0.2127659574468085
3707,1,0.2127659574468085
3695,1,0.2127659574468085
4101,1,0.2127659574468085
3692,1,0.2127659574468085
3610,1,0.2127659574468085
3613,1,0.2127659574468085
3616,1,0.2127659574468085
3619,1,0.2127659574468085
3625,1,0.2127659574468085
608,1,0.2127659574468085
3631,1,0.2127659574468085
3635,1,0.2127659574468085
3647,1,0.2127659574468085
3650,1,0.2127659574468085
3654,1,0.2127659574468085
3656,1,0.2127659574468085
3660,1,0.2127659574468085
3664,1,0.2127659574468085
606,1,0.2127659574468085
3672,1,0.2127659574468085
3680,1,0.2127659574468085
3681,1,0.2127659574468085
3690,1,0.2127659574468085
4100,1,0.2127659574468085
4103,1,0.2127659574468085
3604,1,0.2127659574468085
4155,1,0.2127659574468085
4160,1,0.2127659574468085
4161,1,0.2127659574468085
4162,1,0.2127659574468085
4167,1,0.2127659574468085
4176,1,0.2127659574468085
4179,1,0.2127659574468085
4180,1,0.2127659574468085
4182,1,0.2127659574468085
4184,1,0.2127659574468085
4185,1,0.2127659574468085
4187,1,0.2127659574468085
4192,1,0.2127659574468085
514,1,0.2127659574468085
4194,1,0.2127659574468085
1517,6,0.2127659574468085
4196,1,0.2127659574468085
513,1,0.2127659574468085
4201,1,0.2127659574468085
4203,1,0.2127659574468085
4156,1,0.2127659574468085
4154,1,0.2127659574468085
4104,1,0.2127659574468085
4151,1,0.2127659574468085
4105,1,0.2127659574468085
4107,1,0.2127659574468085
4110,1,0.2127659574468085
4113,1,0.2127659574468085
4116,1,0.2127659574468085
4117,1,0.2127659574468085
4118,1,0.2127659574468085
4119,1,0.2127659574468085
4120,1,0.2127659574468085
4124,1,0.2127659574468085
4125,1,0.2127659574468085
4130,1,0.2127659574468085
4132,1,0.2127659574468085
4133,1,0.2127659574468085
4136,1,0.2127659574468085
4139,1,0.2127659574468085
4140,1,0.2127659574468085
4144,1,0.2127659574468085
4145,1,0.2127659574468085
3606,1,0.2127659574468085
3609,1,0.2127659574468085
3601,1,0.2127659574468085
2585,1,0.2127659574468085
2589,1,0.2127659574468085
2591,1,0.2127659574468085
2592,1,0.2127659574468085
2593,1,0.2127659574468085
2600,1,0.2127659574468085
2601,1,0.2127659574468085
2602,1,0.2127659574468085
2606,1,0.2127659574468085
2607,1,0.2127659574468085
2608,1,0.2127659574468085
2610,1,0.2127659574468085
2611,1,0.2127659574468085
2612,1,0.2127659574468085
2613,1,0.2127659574468085
2614,1,0.2127659574468085
2616,1,0.2127659574468085
2617,1,0.2127659574468085
2619,1,0.2127659574468085
2621,1,0.2127659574468085
2587,1,0.2127659574468085
2584,1,0.2127659574468085
2624,1,0.2127659574468085
2582,1,0.2127659574468085
2558,1,0.2127659574468085
2559,1,0.2127659574468085
2560,1,0.2127659574468085
2561,1,0.2127659574468085
2564,1,0.2127659574468085
2565,1,0.2127659574468085
2567,1,0.2127659574468085
2569,1,0.2127659574468085
2570,1,0.2127659574468085
2571,1,0.2127659574468085
2572,1,0.2127659574468085
2573,1,0.2127659574468085
2574,1,0.2127659574468085
2576,1,0.2127659574468085
2577,1,0.2127659574468085
2578,1,0.2127659574468085
2579,1,0.2127659574468085
2580,1,0.2127659574468085
2581,1,0.2127659574468085
2622,1,0.2127659574468085
1689,2,0.2127659574468085
2626,1,0.2127659574468085
3521,1,0.2127659574468085
639,1,0.2127659574468085
3486,1,0.2127659574468085
3489,1,0.2127659574468085
3494,1,0.2127659574468085
3499,1,0.2127659574468085
3500,1,0.2127659574468085
3507,1,0.2127659574468085
3513,1,0.2127659574468085
3520,1,0.2127659574468085
3541,1,0.2127659574468085
643,1,0.2127659574468085
3545,1,0.2127659574468085
3547,1,0.2127659574468085
3551,1,0.2127659574468085
3564,1,0.2127659574468085
616,1,0.2127659574468085
3581,1,0.2127659574468085
3595,1,0.2127659574468085
3598,1,0.2127659574468085
614,1,0.2127659574468085
3480,1,0.2127659574468085
3479,1,0.2127659574468085
740,1,0.2127659574468085
2629,1,0.2127659574468085
960,1,0.2127659574468085
927,1,0.2127659574468085
761,1,0.2127659574468085
743,1,0.2127659574468085
2628,1,0.2127659574468085
742,1,0.2127659574468085
647,1,0.2127659574468085
739,1,0.2127659574468085
734,1,0.2127659574468085
3113,1,0.2127659574468085
3358,1,0.2127659574468085
2627,1,0.2127659574468085
3456,1,0.2127659574468085
3461,1,0.2127659574468085
3463,1,0.2127659574468085
693,1,0.2127659574468085
1521,1,0.2127659574468085
2630,1,0.2127659574468085
1688,3,0.19148936170212766
1712,3,0.19148936170212766
1848,1,0.19148936170212766
1792,2,0.18085106382978725
2541,1,0.14893617021276595
1790,1,0.14893617021276595
1793,1,0.14893617021276595
2542,1,0.14893617021276595
2543,1,0.14893617021276595
2544,1,0.14893617021276595
4195,1,0.14893617021276595
100416,1,0.0851063829787234
1674,1,0.0851063829787234
100434,1,0.0851063829787234
100435,1,0.0851063829787234
100437,1,0.0851063829787234
100438,1,0.0851063829787234
100443,1,0.0851063829787234
664,1,0.0851063829787234
100463,1,0.0851063829787234
